admin,admin
Xiaoming,Udqpceb8bS
Bruce,jZaCU3RRbq
Yunxi,1CICA1Hmt5
Raymond,LfTuRg5Yr0
Tsubasa,FwnYPxZGmF
Sakura,MgMqd62Tzg
Travis,FcNbOx30C1
Ikki,qaSlEXsUt3
Bobby,mWoKCluaQ1
Zitao,3TPI6y15Gl
Shihan,jZezvo9Pcd
Momoka,2iD9SU8sug
Bruce,jZaCU3RRbq
Zitao,3TPI6y15Gl
Mark,7g7eB7VenQ
Denise,eoXl82zAE9
Airi,08HFKJZ4Gl
Nanami,gWJhiFPFjN
Sakura,MgMqd62Tzg
Kathleen,czPtUJoovl
Momoka,2iD9SU8sug
Rin,oMEhQUuZ2q
Lu,WzyNz21TUq
Alan,jA9bHLiqcd
Catherine,nlhjqROPZI
Raymond,LfTuRg5Yr0
Eita,46uwhxWa1q
Aoi,5jsq6X3we4
Zhiyuan,7XPZLbtSz1
Yota,RrmcxyFLy6
Leroy,9pnmPnW58R
Ziyi,6oSL1omCaf
Kathleen,czPtUJoovl
Diane,pUs3862Lyp
Xiaoming,Udqpceb8bS
Jiehong,MUKXI70obm
Sara,QTbbnm0bon
Hikaru,ZWzFD52161
Takuya,CeKNNkzdAj
Jiehong,MUKXI70obm
Christina,Apx9MwwOsP
Kazuma,KmFvjFyryJ
Charles,FOg5nakh7y
Miu,CD2cGxxVW9
Kenneth,KbfGsL1n21
Patricia,5rdI42s6Ds
Miu,CD2cGxxVW9
Michael,oZ6oWZfD4L
Zitao,3TPI6y15Gl
